Rk,Team,Conf,G,Rec,AdjOE,AdjDE,Barthag,EFG%,EFGD%,TOR,TORD,ORB,DRB,FTR,FTRD,2P%,2P%D,3P%,3P%D,3PR,3PRD,Adj T.,WAB
1,"Connecticut 1 seed, CHAMPS",BE,40,37-3,128.0,91.3,0.9799,56.9,44.4,14.5,16.0,36.7,26.7,31.9,31.1,59.1,43.2,35.8,31.2,40.2,32.9,64.6,11.2
2,"Houston  1 seed, Sweet Sixteen",B12,37,32-5,119.6,86.5,0.9766,50.3,44.0,13.8,24.4,36.8,31.2,30.8,39.4,49.2,43.1,34.8,30.1,36.8,40.1,63.4,10.0
3,"Purdue  1 seed, Finals",B10,39,34-5,126.0,94.5,0.9649,55.8,47.5,16.4,13.7,37.7,24.3,41.3,22.0,53.3,47.7,40.4,31.5,34.7,36.9,67.1,10.6
4,"Auburn  4 seed, R64",SEC,35,27-8,121.0,93.1,0.9534,54.2,43.7,15.1,18.1,32.9,30.2,38.3,41.5,55.1,42.9,35.2,30.2,37.5,33.4,70.0,5.2
5,"Iowa St.  2 seed, Sweet Sixteen",B12,37,29-8,113.6,87.7,0.9517,52.0,47.4,15.4,25.3,31.1,29.4,35.4,34.8,51.2,47.4,35.8,31.5,31.7,45.2,67.4,6.3
6,"Arizona  2 seed, Sweet Sixteen",P12,36,27-9,120.5,93.3,0.9501,54.5,48.4,16.0,18.0,35.6,23.3,36.4,25.9,54.4,47.7,36.6,32.9,33.4,37.9,72.3,4.9
7,"Tennessee  2 seed, Elite Eight",SEC,36,27-9,115.9,90.4,0.9455,51.1,45.3,14.5,18.5,32.2,28.2,33.7,35.7,50.8,44.3,34.4,31.2,41.2,41.1,69.2,5.6
8,"Duke  4 seed, Elite Eight",ACC,36,27-9,121.3,95.5,0.9399,54.6,48.6,14.4,16.9,32.0,25.9,34.3,28.1,53.5,49.0,37.7,31.8,37.5,34.7,66.5,3.5
9,"North Carolina  1 seed, Sweet Sixteen",ACC,37,29-8,119.2,94.3,0.9369,51.5,46.7,14.1,14.8,33.0,23.7,36.2,28.2,50.2,46.0,35.9,32.0,36.1,35.8,70.5,7.0
10,"Creighton  3 seed, Sweet Sixteen",BE,35,25-10,121.7,97.1,0.9309,57.3,46.3,15.4,11.0,26.1,24.9,24.7,16.0,59.2,45.5,36.8,32.3,48.5,27.9,66.7,4.4
11,"Marquette  2 seed, Sweet Sixteen",BE,37,27-10,118.6,94.9,0.9289,55.0,49.8,14.3,21.1,25.7,30.8,25.5,26.9,56.6,49.3,35.2,33.7,41.1,42.8,69.1,6.6
12,"Gonzaga  5 seed, Sweet Sixteen",WCC,35,27-8,123.6,99.1,0.9269,57.0,47.3,14.0,16.1,33.2,27.7,30.7,25.2,58.3,45.1,36.2,34.1,31.3,36.6,68.8,2.4
13,"Illinois  3 seed, Elite Eight",B10,38,29-9,125.7,101.1,0.9247,53.6,48.0,15.0,12.3,35.6,26.3,37.1,26.7,54.4,46.8,34.9,34.1,38.6,28.3,69.7,5.6
14,"Alabama  4 seed, Final Four",SEC,37,25-12,126.1,102.5,0.9154,56.3,49.7,15.9,15.2,34.9,30.9,35.3,38.8,56.7,50.9,37.3,31.7,46.5,37.2,72.3,3.3
15,"Saint Mary's  5 seed, R64",WCC,34,26-8,115.3,94.1,0.9124,52.8,45.1,16.0,16.7,38.7,22.3,28.0,33.4,52.7,43.8,35.3,32.3,36.8,29.2,62.5,1.4
16,St. John's,BE,33,20-13,120.1,98.5,0.9067,50.9,49.5,15.7,18.5,38.6,30.3,27.3,34.4,50.8,47.9,34.1,35.0,32.5,35.9,69.3,0.47
17,"Baylor  3 seed, R32",B12,35,24-11,122.6,101.0,0.9028,55.7,51.4,17.7,17.0,35.0,26.9,40.2,31.2,53.5,52.1,39.5,33.4,38.9,35.4,65.8,4.5
18,"Michigan St.  9 seed, R32",B10,35,20-15,113.3,93.5,0.9015,51.6,48.0,15.0,18.5,29.8,28.5,29.3,32.4,50.5,47.4,36.2,32.6,30.5,41.6,65.4,-0.19
19,"Texas  7 seed, R32",B12,34,21-13,116.6,96.5,0.898,53.0,48.1,16.9,18.8,29.9,30.1,30.2,34.0,53.1,47.0,35.4,33.5,34.9,32.9,67.4,0.7
20,"Clemson  6 seed, Elite Eight",ACC,36,24-12,117.7,97.4,0.8978,53.9,48.2,14.8,13.9,27.2,26.6,30.7,32.1,54.6,47.1,35.1,33.1,39.9,41.1,66.3,1.0
21,"Kansas  4 seed, R32",B12,34,23-11,113.7,94.2,0.8971,53.5,48.3,16.5,16.5,25.7,26.5,32.5,28.5,54.7,45.8,33.6,34.6,29.8,41.0,69.0,3.8
22,"Florida  7 seed, R64",SEC,36,24-12,120.5,100.2,0.8936,51.8,49.3,15.7,14.5,37.3,28.8,38.4,34.8,51.8,49.5,34.5,32.6,34.5,32.4,71.8,2.8
23,"Colorado  10 seed, R32",P12,37,26-11,118.3,98.6,0.8902,55.4,49.7,18.1,15.2,32.0,24.7,35.1,27.3,54.0,50.6,39.1,32.1,30.6,35.2,67.7,1.7
24,"BYU  6 seed, R64",B12,34,23-11,119.8,99.9,0.8897,54.8,48.2,15.3,16.0,32.8,24.6,25.4,32.0,57.5,48.3,34.8,32.0,50.4,34.0,69.1,2.3
25,"Wisconsin  5 seed, R64",B10,36,22-14,118.8,99.1,0.8892,52.2,52.0,14.9,16.9,30.2,24.5,33.8,33.8,52.2,50.2,34.9,36.9,35.5,34.3,65.2,2.9
26,"Nebraska  8 seed, R64",B10,34,23-11,116.0,96.9,0.8882,53.1,46.7,15.8,16.2,27.6,30.3,32.6,27.7,52.8,45.2,35.7,32.5,44.3,41.4,69.0,2.0
27,"Kentucky  3 seed, R64",SEC,33,23-10,122.7,102.7,0.8863,57.2,49.6,14.2,15.9,28.9,30.3,30.4,33.5,54.7,49.4,40.9,33.2,37.5,40.1,72.5,2.8
28,"San Diego St.  5 seed, Sweet Sixteen",MWC,37,26-11,112.0,94.1,0.8802,49.9,47.3,16.2,18.1,32.7,28.7,36.7,33.1,51.5,47.8,31.5,31.0,38.0,40.3,66.2,2.2
29,"New Mexico  11 seed, R64",MWC,36,26-10,113.9,96.0,0.8774,50.5,48.1,14.0,19.3,33.5,27.0,33.2,33.4,51.1,49.2,32.7,30.7,29.9,36.5,72.8,1.5
30,Pittsburgh,ACC,33,22-11,116.7,98.8,0.8712,51.6,49.0,13.4,16.6,31.0,23.8,30.5,30.5,50.0,50.8,35.7,30.8,44.4,38.6,65.9,0.6
31,Villanova,BE,34,18-16,110.4,93.8,0.8674,50.6,48.3,14.7,16.2,24.9,24.3,26.8,26.0,50.5,47.6,33.8,32.8,48.0,45.3,63.7,-1.2
32,"Texas Tech  6 seed, R64",B12,34,23-11,116.9,99.3,0.8669,52.6,49.2,16.5,17.0,30.2,30.3,34.2,27.2,51.6,49.8,35.9,32.2,41.4,38.6,66.5,2.8
33,"Texas A&M  9 seed, R32",SEC,36,21-15,117.7,100.0,0.8667,45.7,50.5,14.1,16.7,42.2,27.9,38.6,31.9,46.8,50.3,29.3,33.8,37.7,44.9,66.1,-0.06
34,"Mississippi St.  8 seed, R64",SEC,35,21-14,112.3,95.5,0.8652,51.4,48.0,18.9,18.4,35.4,27.9,37.4,31.8,53.4,50.3,32.2,29.8,38.5,41.2,67.1,0.6
35,Wake Forest,ACC,35,21-14,117.0,99.7,0.8624,54.2,49.1,15.4,16.4,26.4,25.8,32.0,30.1,54.0,48.9,36.4,33.1,37.4,35.5,68.3,-1.0
36,"Nevada  10 seed, R64",MWC,34,26-8,115.0,98.1,0.8617,53.2,48.4,15.2,17.4,27.3,26.9,45.0,34.2,52.5,49.1,36.4,31.6,33.7,41.0,66.9,2.5
37,"Northwestern  9 seed, R32",B10,34,22-12,115.7,98.8,0.8592,52.6,51.5,13.4,18.8,25.8,27.8,29.2,39.3,49.2,51.4,39.0,34.5,36.4,37.3,64.0,1.1
38,Seton Hall,BE,37,25-12,113.1,96.9,0.8558,50.4,49.2,18.4,17.9,35.2,29.1,30.9,25.6,50.4,49.0,33.6,33.0,31.2,42.5,66.6,0.9
39,"Washington St.  7 seed, R32",P12,35,25-10,112.8,96.7,0.8549,51.8,47.2,16.4,15.7,32.9,25.0,31.6,32.3,52.2,46.5,33.9,32.5,32.2,31.1,64.8,1.8
40,Utah,P12,37,22-15,114.2,97.9,0.8547,54.4,48.8,16.1,14.1,27.5,25.8,27.1,26.0,53.6,48.0,36.9,33.6,40.5,36.4,69.9,-1.2
41,Ohio St.,B10,36,22-14,115.0,98.7,0.8536,50.9,48.7,15.5,15.9,31.4,28.5,33.6,29.9,50.5,47.0,34.4,34.6,34.7,33.7,66.2,-0.6
42,Indiana St.,MVC,39,32-7,119.6,102.7,0.8524,59.8,49.9,16.2,15.5,23.6,23.3,33.1,25.9,62.4,48.8,38.1,34.7,49.5,34.0,70.7,1.9
43,"Colorado St.  10 seed, R64",MWC,36,25-11,112.8,96.8,0.8523,54.2,48.5,15.4,16.6,24.6,26.9,31.8,31.7,57.0,48.0,33.0,33.0,38.2,33.7,66.0,1.1
44,"Boise St.  10 seed, R68",MWC,33,22-11,113.7,97.8,0.8497,51.0,49.8,16.4,16.9,32.9,23.1,35.1,33.1,50.8,52.1,34.2,30.5,39.4,36.7,66.5,0.7
45,Cincinnati,B12,37,22-15,111.3,95.7,0.8495,50.3,47.7,17.3,17.3,36.2,25.3,27.6,29.1,50.8,46.3,33.0,33.6,36.7,34.8,67.4,-1.4
46,"TCU  9 seed, R64",B12,34,21-13,114.0,98.2,0.8481,51.5,50.7,18.0,20.6,35.9,28.4,35.0,35.4,50.8,51.3,35.4,33.0,30.3,35.1,70.0,0.9
47,"Dayton  7 seed, R32",A10,33,25-8,116.7,100.6,0.847,56.2,48.3,16.0,15.9,26.4,28.6,36.7,21.9,53.4,48.5,39.9,32.0,44.3,40.1,64.2,2.3
48,"N.C. State  11 seed, Final Four",ACC,41,26-15,114.2,99.1,0.8366,50.7,49.5,13.8,17.5,28.2,29.1,32.0,31.5,50.2,49.0,34.4,33.6,33.3,36.7,67.7,-0.42
49,Oklahoma,B12,32,20-12,113.1,98.4,0.8318,53.1,47.4,18.1,16.5,30.1,26.2,37.7,31.1,53.9,48.9,34.5,29.9,38.5,35.7,67.2,0.6
50,"South Carolina  6 seed, R64",SEC,34,26-8,115.0,100.1,0.8309,50.9,48.4,15.5,14.9,32.8,27.9,31.8,31.6,50.9,47.3,33.9,33.9,41.1,31.3,63.2,4.7
51,"Drake  10 seed, R64",MVC,35,28-7,114.8,100.1,0.8282,54.7,50.8,13.8,17.5,24.1,22.5,32.3,31.3,54.8,51.3,36.4,33.3,39.2,38.9,67.9,1.6
52,"Oregon  11 seed, R32",P12,36,24-12,114.2,99.7,0.827,51.9,51.5,14.7,17.8,28.6,27.3,32.0,32.3,52.6,51.0,33.8,34.9,36.3,36.9,67.2,1.3
53,Virginia Tech,ACC,34,19-15,115.8,101.3,0.823,53.8,51.0,16.2,16.9,25.0,26.2,33.0,30.2,54.8,51.1,34.8,33.8,41.6,33.9,67.9,-2.1
54,Iowa,B10,34,19-15,119.5,104.6,0.8216,52.9,52.2,13.2,16.4,27.4,30.3,33.1,32.9,52.9,51.4,35.1,35.8,29.9,35.9,71.9,-0.7
55,"Florida Atlantic  8 seed, R64",Amer,34,25-9,116.7,102.5,0.8162,54.7,49.6,16.2,16.4,33.5,29.3,34.8,27.3,56.0,49.2,35.1,33.6,39.1,36.2,68.1,1.1
56,Providence,BE,35,21-14,108.7,95.5,0.8161,51.5,47.5,17.5,17.0,27.0,27.8,31.8,27.7,53.7,45.5,32.5,34.3,44.3,34.1,67.7,0.7
57,Butler,BE,33,18-15,112.6,98.9,0.816,51.9,50.0,15.4,16.0,26.3,29.0,26.7,22.3,51.5,50.9,35.0,32.4,38.0,37.5,68.5,-0.9
58,"Utah St.  8 seed, R32",MWC,35,28-7,114.9,101.3,0.8091,54.0,49.8,15.5,16.4,27.8,26.6,39.0,30.6,56.7,52.8,32.5,29.7,33.6,36.5,68.8,3.1
59,Washington,P12,32,17-15,114.7,101.3,0.8063,53.5,50.1,15.9,15.8,27.1,28.9,32.1,33.1,53.8,49.9,35.4,33.7,36.8,34.8,71.2,-3.6
60,Bradley,MVC,35,23-12,111.6,98.8,0.8014,55.1,47.6,18.1,18.3,28.1,28.2,27.5,35.1,54.9,46.5,37.0,33.0,41.6,38.3,66.3,-3.5
61,Xavier,BE,34,16-18,111.7,99.0,0.7997,49.1,49.5,16.4,16.0,31.9,29.0,31.8,29.7,48.1,49.2,34.2,33.4,32.0,35.4,71.1,-2.0
62,"Virginia  10 seed, R68",ACC,34,23-11,104.1,92.3,0.7988,48.6,46.6,13.0,19.4,25.6,28.1,25.3,25.8,46.2,47.2,35.8,30.5,32.6,39.6,60.2,1.6
63,"Grand Canyon  12 seed, R32",WAC,35,30-5,111.2,98.8,0.7954,51.4,45.8,17.8,19.8,34.1,30.2,46.7,34.1,52.1,44.5,33.5,32.1,36.1,34.2,68.3,1.4
64,North Texas,Amer,34,19-15,110.6,98.8,0.7857,50.8,48.0,17.7,19.5,34.0,32.0,28.8,38.6,47.1,46.8,37.7,33.5,39.1,36.1,61.6,-6.0
65,San Francisco,WCC,34,23-11,109.9,98.3,0.7839,55.0,49.5,16.8,19.8,29.1,24.3,23.5,37.9,56.6,48.3,35.1,34.3,40.1,37.8,67.1,-2.4
66,UCF,B12,33,17-16,106.6,95.3,0.7834,47.8,47.9,18.0,20.4,32.9,26.9,37.2,39.5,47.5,45.9,32.2,34.0,35.9,39.6,68.7,-3.0
67,SMU,Amer,33,20-13,112.1,100.4,0.7805,51.0,47.2,16.5,18.7,38.3,31.3,28.8,34.0,50.4,46.6,34.7,32.1,35.6,36.9,67.6,-4.4
68,Maryland,B10,33,16-17,106.1,95.1,0.778,46.7,46.7,17.5,18.8,31.7,29.1,40.8,33.5,48.8,45.7,28.9,32.8,37.5,30.1,65.5,-4.5
69,Kansas St.,B12,34,19-15,107.9,96.8,0.7771,50.2,46.8,21.2,16.0,32.4,30.5,38.3,33.1,51.9,46.8,31.8,31.2,41.2,36.7,67.5,-0.29
70,USC,P12,33,15-18,110.6,99.2,0.776,51.7,50.2,17.9,18.8,29.0,32.2,33.6,31.6,50.7,47.4,35.5,36.5,36.7,38.8,68.3,-5.2
71,Syracuse,ACC,32,20-12,112.3,100.8,0.7759,51.3,52.8,15.9,20.1,24.1,31.8,34.1,26.6,51.9,53.2,33.4,34.7,33.7,37.0,70.9,0.17
72,UNLV,MWC,34,21-13,112.2,100.9,0.7712,51.7,50.0,16.2,17.7,29.6,31.4,33.2,29.6,52.3,50.9,33.7,32.5,34.6,39.3,65.4,-2.8
73,Georgia,SEC,37,20-17,109.7,98.7,0.7709,49.8,49.8,16.1,16.1,27.1,30.5,36.6,29.3,49.0,49.8,34.0,33.1,40.2,37.2,68.8,-3.9
74,"James Madison  12 seed, R32",SB,36,32-4,111.8,100.7,0.7697,53.9,47.2,14.9,19.7,31.8,27.7,34.9,35.1,53.8,48.6,36.0,29.7,37.8,35.5,69.9,1.4
75,Penn St.,B10,33,16-17,110.2,99.6,0.7629,50.3,50.2,15.7,20.7,26.8,32.2,35.3,36.3,50.5,52.5,33.4,30.3,39.2,32.8,69.9,-5.0
76,Boston College,ACC,36,20-16,112.9,102.1,0.7603,52.5,50.5,15.3,15.7,27.3,26.3,25.0,28.1,51.4,49.6,36.2,34.6,38.3,37.8,67.0,-3.4
77,Minnesota,B10,34,19-15,113.8,103.1,0.7567,54.1,50.4,17.7,16.0,30.7,28.8,34.7,29.6,54.6,48.9,35.5,35.9,39.1,30.5,66.6,-2.9
78,"Duquesne  11 seed, R32",A10,37,25-12,107.0,97.0,0.7549,50.0,48.5,17.4,19.2,29.8,30.3,32.5,35.0,49.4,49.0,33.9,31.8,39.1,37.4,66.1,-2.1
79,Mississippi,SEC,32,20-12,113.6,103.0,0.7542,51.2,50.2,15.7,18.1,30.1,36.2,35.1,32.3,49.2,50.0,36.6,33.8,35.1,37.0,66.9,-0.5
80,Richmond,A10,33,23-10,107.0,97.4,0.7472,52.7,46.9,12.8,17.1,17.3,26.6,27.6,26.6,51.8,46.8,36.2,31.4,35.4,40.7,66.7,-0.9
81,Florida St.,ACC,33,17-16,110.7,100.8,0.747,50.3,52.2,16.4,20.7,28.5,32.8,36.8,41.0,51.5,51.6,31.7,35.4,31.6,38.2,71.0,-3.2
82,VCU,A10,38,24-14,108.0,98.4,0.7456,51.8,46.8,18.2,16.7,27.8,26.9,35.0,34.1,50.9,46.7,35.3,31.3,44.2,38.9,65.5,-4.1
83,Indiana,B10,33,19-14,110.0,100.2,0.7455,52.1,49.0,17.5,14.9,26.9,29.7,37.7,31.6,53.4,47.4,32.4,34.3,27.8,41.2,68.6,-0.41
84,South Florida,Amer,33,25-8,110.5,101.0,0.7377,51.8,47.9,15.6,18.5,28.2,30.5,37.8,34.6,49.5,48.2,36.7,31.5,42.3,37.9,68.0,-0.8
85,Miami FL,ACC,32,15-17,110.7,101.2,0.7362,52.7,51.0,17.2,16.6,28.7,28.5,24.6,22.3,51.6,52.0,36.1,33.3,40.4,46.1,68.8,-5.1
86,LSU,SEC,33,17-16,110.8,101.4,0.7356,52.3,49.7,18.6,18.2,30.7,31.4,38.3,33.7,51.5,49.4,35.7,33.5,37.6,41.4,70.0,-3.2
87,"McNeese St.  12 seed, R64",Slnd,34,30-4,111.0,101.6,0.7334,54.2,48.3,14.0,22.9,31.9,30.6,40.1,33.7,52.2,46.6,38.7,33.4,33.5,47.6,65.5,0.6
88,UCLA,P12,33,16-17,108.0,99.0,0.7317,46.6,50.1,16.5,18.1,29.9,28.3,35.8,35.8,45.2,49.7,33.3,33.7,30.1,42.2,63.2,-5.3
89,"Samford  13 seed, R64",SC,35,29-6,112.5,103.1,0.7312,56.8,50.5,17.8,21.7,30.1,31.9,36.2,37.3,55.0,50.3,39.5,33.8,41.2,39.8,72.8,0.03
90,Memphis,Amer,32,22-10,111.9,102.7,0.7281,52.8,50.0,18.0,19.1,33.4,33.6,36.3,29.6,52.9,49.3,35.0,34.0,38.9,42.7,71.7,-1.1
91,Loyola Chicago,A10,33,23-10,104.7,96.2,0.7254,51.5,46.4,18.6,17.8,27.5,25.2,33.4,36.5,51.0,43.8,34.9,34.1,40.5,35.9,68.7,-1.6
92,UC Irvine,BW,34,24-10,108.8,100.1,0.7232,51.8,46.4,16.7,17.4,31.4,27.4,34.0,35.2,51.6,44.6,34.9,33.8,27.7,30.4,68.5,-2.9
93,"Yale  13 seed, R32",Ivy,33,23-10,109.9,101.1,0.7227,52.1,50.4,14.3,16.2,27.8,24.2,27.8,29.4,51.9,49.4,35.0,34.5,35.4,41.5,64.9,-2.7
94,Louisiana Tech,CUSA,32,22-10,108.1,99.5,0.7222,50.6,45.6,18.8,17.6,33.8,28.0,42.0,32.0,49.0,43.0,35.7,33.5,34.6,36.4,65.8,-4.4
95,Saint Joseph's,A10,35,21-14,110.4,101.7,0.7214,53.0,49.0,16.5,17.6,29.1,29.1,28.7,28.7,53.0,48.6,35.2,33.0,47.8,42.5,68.4,-4.7
96,Massachusetts,A10,31,20-11,111.2,102.4,0.7204,50.6,48.5,16.0,18.9,36.5,30.1,35.8,38.6,52.6,47.5,31.3,33.5,35.1,38.4,68.4,-4.8
97,Princeton,Ivy,29,24-5,114.7,105.7,0.719,54.6,52.0,12.0,16.9,23.9,24.7,28.3,25.1,56.5,53.5,35.2,33.2,50.5,39.1,65.3,1.0
98,George Mason,A10,32,20-12,109.0,100.7,0.7135,52.0,48.0,18.1,16.4,31.7,27.4,36.7,31.8,52.3,45.0,34.3,34.8,37.5,41.6,63.9,-4.8
99,"Charleston  13 seed, R64",CAA,35,27-8,113.8,105.5,0.7045,52.2,51.2,14.3,16.2,33.7,26.4,27.2,29.3,52.5,50.8,34.7,34.5,46.9,36.9,70.3,-1.7
100,Appalachian St.,SB,34,27-7,106.6,99.3,0.694,52.7,45.4,15.2,14.5,29.4,27.8,31.6,20.7,53.9,44.0,33.2,32.1,31.5,32.6,67.0,-1.2
101,Belmont,MVC,33,20-13,109.5,102.2,0.689,55.0,51.1,16.7,16.4,21.0,27.5,30.3,27.0,54.5,52.2,37.2,33.0,41.9,39.8,71.3,-5.3
102,Stanford,P12,32,14-18,110.0,102.8,0.6849,54.3,51.9,17.8,15.5,23.2,27.3,28.6,25.3,53.6,50.9,36.9,35.7,41.1,37.6,69.7,-7.1
103,Arkansas,SEC,33,16-17,110.0,102.9,0.6839,50.5,50.4,16.3,15.1,25.2,29.8,45.3,39.0,51.8,50.1,31.8,33.9,32.9,34.1,70.7,-4.9
104,St. Bonaventure,A10,33,20-13,111.2,104.2,0.6804,52.3,51.1,16.2,19.2,29.7,28.5,32.2,33.9,50.8,51.8,36.5,33.5,36.7,40.7,65.5,-5.1
105,Rutgers,B10,32,15-17,98.3,92.1,0.6801,43.5,47.2,16.6,21.7,30.2,31.3,32.9,34.3,43.7,46.0,28.7,32.7,31.7,39.4,67.9,-3.9
106,Northern Iowa,MVC,33,19-14,109.3,102.5,0.6765,51.6,52.2,15.2,16.5,23.9,22.5,37.4,30.5,51.9,52.0,34.1,35.0,36.8,41.1,66.6,-5.1
107,Charlotte,Amer,31,19-12,108.7,102.1,0.6713,50.8,48.5,15.5,15.2,26.1,29.0,35.2,31.5,53.2,49.5,31.3,31.1,38.2,36.6,62.6,-5.1
108,"UAB  12 seed, R64",Amer,35,23-12,113.2,106.6,0.6668,50.0,51.0,16.8,16.2,35.4,31.3,40.6,31.5,50.1,50.2,33.1,34.8,31.5,36.6,67.7,-2.8
109,Hofstra,CAA,33,20-13,108.4,102.1,0.6665,55.4,49.0,15.7,17.7,22.9,29.7,22.3,29.0,55.5,46.9,36.8,34.6,46.1,42.4,65.7,-6.5
110,Oklahoma St.,B12,32,12-20,108.8,102.5,0.665,51.3,51.3,18.8,16.8,27.5,28.5,34.0,27.6,52.2,51.5,33.4,34.0,43.2,32.9,67.2,-8.2
111,Cornell,Ivy,30,22-8,112.0,105.8,0.6593,56.5,51.3,17.0,18.3,26.8,31.7,28.0,32.5,61.7,52.0,34.0,33.6,48.7,41.8,71.6,-1.7
112,Western Carolina,SC,32,22-10,108.1,102.2,0.657,51.7,47.2,14.7,13.3,29.1,24.2,27.7,32.4,49.8,45.5,36.8,33.9,35.5,31.8,66.9,-5.4
113,"Vermont  13 seed, R64",AE,35,28-7,104.3,98.7,0.6522,51.6,46.8,13.9,15.1,22.3,23.5,29.2,26.8,52.9,46.5,33.3,31.5,43.9,36.5,63.3,-1.4
114,UT Arlington,WAC,34,20-14,109.3,103.5,0.6509,52.1,49.0,21.5,18.6,32.8,29.4,39.0,42.0,51.3,47.4,35.4,34.6,42.8,35.5,70.9,-6.3
115,Seattle,WAC,37,23-14,104.5,99.3,0.6405,50.7,46.3,18.4,17.4,29.9,25.6,34.6,35.8,50.1,47.7,34.5,29.1,37.8,33.9,66.8,-8.2
116,Southern Illinois,MVC,32,19-13,108.8,103.6,0.6381,52.5,50.1,16.8,16.2,26.1,25.6,35.9,36.5,53.4,52.1,34.3,30.4,43.8,30.5,64.3,-6.4
117,Santa Clara,WCC,33,20-13,108.7,103.5,0.6373,52.3,48.4,18.2,14.4,34.1,26.1,31.6,33.3,52.6,48.9,34.5,31.7,38.5,37.0,69.2,-4.0
118,Michigan,B10,32,8-24,110.2,105.0,0.6369,51.1,52.5,18.6,13.7,30.7,30.4,32.0,30.5,49.5,51.7,35.9,36.1,38.0,32.6,67.5,-9.6
119,California,P12,32,13-19,108.0,103.2,0.6286,49.2,51.3,16.2,14.7,28.6,26.7,29.2,33.1,48.0,50.0,33.8,35.7,42.0,36.2,68.5,-7.6
120,Davidson,A10,32,15-17,105.1,100.4,0.6279,48.9,49.4,16.3,17.2,26.1,27.8,33.5,32.8,50.8,49.5,30.7,32.8,40.0,42.0,65.6,-8.9
121,Georgia Tech,ACC,32,14-18,108.6,103.8,0.6262,48.7,49.2,17.7,12.8,31.6,28.5,29.2,31.6,48.6,49.5,32.6,32.6,40.5,39.4,67.6,-5.5
122,Troy,SB,32,20-12,106.9,102.3,0.6232,50.1,49.8,19.6,20.8,34.8,30.7,41.3,39.8,48.2,47.7,35.3,35.9,40.0,33.7,69.7,-7.5
123,High Point,BSth,36,27-9,114.5,109.7,0.6209,52.3,50.1,15.9,13.9,36.8,26.1,43.2,37.4,54.0,49.3,33.0,34.5,39.4,31.6,68.6,-4.3
124,Notre Dame,ACC,33,13-20,102.6,98.5,0.6171,47.6,48.2,19.1,15.2,28.4,26.7,27.9,27.4,47.5,47.8,31.8,32.5,43.3,36.8,64.4,-7.6
125,"Oakland  14 seed, R32",Horz,36,24-12,108.9,104.6,0.6132,51.9,50.6,15.9,16.2,30.4,28.8,30.8,26.9,51.0,50.5,35.5,33.9,41.4,40.9,66.6,-4.3
126,UNC Wilmington,CAA,31,21-10,112.8,108.4,0.6109,51.1,51.7,12.8,17.1,29.9,30.6,32.9,33.1,52.1,50.8,33.0,35.5,39.7,36.7,65.2,-4.8
127,Arizona St.,P12,32,14-18,103.3,99.5,0.6067,47.3,51.7,14.8,19.4,21.8,29.7,33.1,31.2,48.6,52.2,30.1,34.0,37.7,39.2,69.1,-5.9
128,Sam Houston St.,CUSA,33,21-12,106.0,102.2,0.6036,48.6,49.8,18.8,19.0,32.0,27.0,34.7,37.0,46.5,50.5,35.1,32.5,35.0,39.3,67.8,-5.8
129,Drexel,CAA,32,20-12,107.2,103.4,0.6019,50.6,47.8,16.5,13.1,33.6,24.5,30.0,26.7,50.3,48.2,34.1,31.4,33.2,35.4,64.6,-6.7
130,"Western Kentucky  15 seed, R64",CUSA,34,22-12,105.5,101.8,0.6012,51.7,48.6,18.4,18.4,28.7,26.7,32.1,33.0,51.8,48.6,34.3,32.4,31.1,40.5,75.1,-6.6
131,"Morehead St.  14 seed, R64",OVC,35,26-9,107.5,103.9,0.5968,54.2,46.4,18.2,15.4,31.9,26.5,30.6,32.3,55.1,45.8,35.3,31.8,45.2,31.6,64.3,-3.5
132,Missouri,SEC,32,8-24,108.4,105.0,0.5917,50.2,51.4,16.8,18.7,26.8,35.8,31.7,42.5,51.8,51.2,31.9,34.4,39.7,39.8,66.7,-11.4
133,West Virginia,B12,32,9-23,108.8,105.4,0.5907,49.6,52.1,18.3,15.0,26.6,30.4,37.1,28.1,47.8,51.9,34.9,34.9,37.4,43.0,68.4,-10.1
134,Wichita St.,Amer,34,15-19,104.9,101.7,0.5896,49.8,48.5,17.8,14.8,31.8,28.7,26.4,28.3,49.9,48.1,33.0,32.7,31.5,37.8,68.2,-11.3
135,Arkansas St.,SB,37,20-17,112.8,109.3,0.5896,51.5,50.5,15.9,14.2,34.5,28.8,32.9,34.8,51.4,49.7,34.4,35.2,42.8,26.9,68.1,-9.0
136,Tarleton St.,WAC,35,25-10,108.5,105.2,0.5884,50.0,50.4,16.6,20.0,30.1,32.7,30.4,34.0,50.0,50.4,33.3,33.5,30.4,36.3,66.6,-2.9
137,"Akron  14 seed, R64",MAC,35,24-11,105.2,102.0,0.588,51.7,49.1,16.9,16.7,29.2,25.6,32.7,29.4,54.7,50.8,31.7,30.7,41.6,36.8,65.8,-4.6
138,"South Dakota St.  15 seed, R64",Sum,35,22-13,108.2,105.2,0.5815,55.2,51.3,16.6,16.4,24.4,25.1,30.1,27.0,55.6,49.5,36.4,35.5,40.4,46.9,67.9,-7.6
139,UC San Diego,BW,33,21-12,110.8,107.8,0.5777,52.3,50.4,14.4,16.9,27.8,27.8,32.4,29.5,52.2,50.4,34.9,33.6,41.7,35.7,65.4,-6.3
140,Youngstown St.,Horz,32,22-10,107.1,104.5,0.5681,50.4,49.0,15.5,16.5,33.9,28.7,29.3,30.7,52.2,47.9,31.9,34.0,42.2,35.7,69.0,-6.0
141,UNC Greensboro,SC,32,21-11,109.0,106.7,0.5622,53.2,49.5,16.3,17.7,29.3,30.5,27.3,35.8,49.2,48.0,38.9,34.3,44.0,44.2,64.8,-5.6
142,Missouri St.,MVC,33,17-16,104.1,102.0,0.5575,49.7,48.0,17.3,13.1,29.1,24.7,31.5,24.9,51.2,47.0,31.4,33.0,36.8,38.8,67.9,-8.0
143,Ohio,MAC,33,20-13,107.9,105.9,0.5553,52.2,49.2,14.1,19.2,28.0,31.9,32.1,34.7,51.9,48.4,35.1,33.8,41.4,37.1,67.4,-9.2
144,St. Thomas,Sum,33,20-13,106.9,104.9,0.554,54.4,52.0,14.8,18.5,24.0,25.5,29.4,29.0,55.0,52.8,35.7,33.8,46.0,39.6,63.0,-9.2
145,Toledo,MAC,32,20-12,111.7,109.6,0.554,53.3,54.5,15.1,18.5,29.0,28.5,35.4,26.3,52.0,56.4,37.7,34.2,28.6,37.2,69.4,-6.5
146,Wright St.,Horz,32,18-14,115.8,113.7,0.553,58.5,55.3,16.5,16.3,28.9,28.1,33.6,30.0,58.8,55.0,38.4,37.1,29.3,37.7,71.5,-9.4
147,Towson,CAA,34,20-14,102.4,100.6,0.5527,47.3,48.3,19.2,16.9,39.8,27.2,34.7,31.7,46.4,47.4,32.8,33.3,34.1,36.9,62.2,-7.4
148,Liberty,CUSA,32,18-14,108.4,106.5,0.5508,54.3,50.8,16.2,17.0,24.5,25.5,26.7,30.3,55.0,51.9,35.7,32.3,46.8,32.6,64.5,-8.3
149,Louisiana,SB,33,19-14,105.1,103.2,0.5507,50.7,49.9,16.8,20.6,30.8,32.9,28.6,40.1,51.7,53.7,32.6,27.9,36.2,32.1,68.6,-8.7
150,Tulane,Amer,31,14-17,109.4,107.5,0.5497,54.1,51.1,15.1,17.3,20.5,32.7,45.5,32.7,54.5,50.2,35.5,34.9,35.7,42.0,72.9,-9.6
151,Oregon St.,P12,32,13-19,106.4,104.7,0.5464,49.8,51.3,18.3,16.8,26.2,31.1,35.6,35.9,49.9,52.3,33.1,33.2,34.0,37.9,65.2,-7.8
152,Furman,SC,33,17-16,109.0,107.6,0.5363,52.1,52.9,15.9,16.2,29.4,26.6,31.0,28.5,54.3,53.9,33.2,34.1,48.2,35.0,68.9,-10.3
153,Wyoming,MWC,32,15-17,108.1,107.0,0.53,50.9,52.8,18.5,15.9,28.6,29.1,38.0,27.8,49.0,53.7,36.1,34.4,37.0,40.0,67.2,-7.6
154,Chattanooga,SC,33,21-12,109.7,108.6,0.5284,54.8,49.9,17.1,14.5,27.2,28.8,30.9,27.3,56.1,47.9,35.7,35.1,50.5,42.0,66.9,-6.9
155,Murray St.,MVC,32,12-20,107.3,106.4,0.5257,50.0,54.5,14.4,17.9,26.5,25.5,29.6,27.7,51.3,53.8,31.6,37.0,35.3,42.8,64.5,-12.4
156,Delaware,CAA,33,19-14,104.5,103.9,0.5177,51.9,48.7,16.0,15.1,27.5,27.9,30.9,27.1,53.2,49.7,33.0,31.3,35.7,36.4,67.4,-9.2
157,UTEP,CUSA,34,18-16,98.3,97.8,0.5127,48.1,51.5,21.2,25.9,29.0,31.0,42.8,46.3,48.8,53.2,31.0,32.1,31.3,33.9,69.7,-10.6
158,Stony Brook,CAA,35,20-15,106.4,106.1,0.5084,50.3,50.0,15.1,15.2,26.6,29.3,29.2,27.4,48.6,48.4,35.5,34.8,36.8,42.3,67.5,-8.0
159,UC Davis,BW,33,20-13,102.4,102.1,0.5075,50.2,49.1,19.3,20.9,28.6,30.6,38.2,38.4,50.8,49.1,32.9,32.7,37.4,33.1,67.2,-8.5
160,Weber St.,BSky,32,20-12,107.4,107.3,0.5037,53.1,54.4,14.8,18.4,23.8,23.7,35.2,29.3,53.9,55.2,34.5,35.4,38.7,36.7,65.5,-7.4
161,Montana,BSky,36,24-12,110.1,110.1,0.4995,54.7,50.7,15.1,14.0,25.3,26.8,28.8,34.4,55.2,50.5,35.9,34.2,37.6,31.8,66.1,-6.0
162,"Colgate  14 seed, R64",Pat,35,25-10,102.9,102.9,0.4985,53.3,47.9,16.2,16.2,25.1,24.8,27.5,24.5,53.4,49.1,35.5,30.8,38.1,40.0,66.3,-4.2
163,Winthrop,BSth,32,17-15,106.3,106.4,0.4956,51.9,49.5,18.7,18.2,30.4,32.9,50.0,34.3,52.8,50.6,33.7,32.0,39.4,41.1,67.0,-9.5
164,Quinnipiac,MAAC,34,24-10,105.1,105.3,0.4956,50.3,48.9,17.1,17.7,31.6,28.1,30.4,28.9,49.6,47.7,34.5,33.9,34.2,36.7,71.2,-5.5
165,East Carolina,Amer,33,15-18,105.1,105.5,0.4903,47.6,51.3,16.3,18.7,32.7,31.0,34.0,32.7,48.1,52.5,31.2,33.1,36.5,43.3,64.9,-10.9
166,Purdue Fort Wayne,Horz,36,23-13,103.6,104.0,0.4903,53.5,51.6,14.7,21.7,23.0,29.2,29.8,32.8,53.1,53.1,36.0,32.7,42.6,36.4,70.8,-7.8
167,Eastern Washington,BSky,32,21-11,110.7,111.2,0.4889,57.2,52.8,19.0,16.3,26.4,27.1,39.6,33.5,58.7,51.0,36.8,36.9,42.0,41.8,70.6,-4.9
168,UMass Lowell,AE,32,22-10,105.2,105.7,0.4852,50.4,47.3,18.2,15.5,32.1,26.9,40.1,26.9,51.3,49.1,32.3,29.2,29.2,33.7,69.8,-6.1
169,Kent St.,MAC,34,17-17,105.4,106.0,0.4838,50.7,51.3,17.2,18.5,31.0,28.7,31.9,34.9,48.5,52.6,36.0,33.0,39.2,39.7,66.7,-11.6
170,Bryant,AE,33,20-13,100.2,101.0,0.4774,50.7,45.4,15.8,16.7,20.4,30.2,29.9,33.8,51.7,45.0,32.7,30.8,37.7,35.1,74.3,-7.3
171,UNC Asheville,BSth,34,22-12,106.2,107.1,0.4771,52.1,50.1,17.1,16.9,27.3,31.4,40.8,34.3,50.5,50.6,36.4,32.9,37.3,35.8,68.3,-6.8
172,Utah Valley,WAC,32,16-16,98.7,99.6,0.4765,47.1,48.0,18.1,18.1,28.5,27.2,35.4,36.0,48.9,47.6,28.5,32.6,28.9,34.6,67.8,-9.6
173,Georgetown,BE,32,9-23,109.8,110.8,0.4759,48.6,55.7,17.9,16.4,33.4,30.7,33.9,33.6,46.3,57.4,34.6,35.3,41.0,38.2,66.7,-10.4
174,La Salle,A10,33,16-17,106.0,107.0,0.4738,49.2,50.7,14.2,15.4,27.0,30.8,24.8,33.3,47.6,49.3,34.5,35.8,39.8,32.8,66.8,-9.8
175,Hawaii,BW,34,20-14,104.2,105.2,0.4736,52.6,48.5,18.6,15.7,25.8,25.3,39.0,33.6,53.8,49.3,34.0,30.8,42.4,25.4,66.0,-9.4
176,Saint Louis,A10,33,13-20,111.6,112.8,0.469,51.5,54.3,16.8,14.2,26.1,28.5,36.3,35.3,49.6,53.9,36.4,36.6,37.8,42.4,69.5,-11.1
177,Little Rock,OVC,34,21-13,106.0,107.1,0.4683,52.6,48.2,17.5,17.8,31.9,30.0,32.8,35.4,53.0,48.1,34.5,32.3,31.1,38.4,69.0,-9.6
178,Illinois Chicago,MVC,33,12-21,100.8,101.9,0.4682,50.6,48.9,17.7,17.4,22.9,28.4,26.0,35.9,48.4,49.2,36.0,32.2,40.8,35.0,68.2,-13.4
179,Loyola Marymount,WCC,31,12-19,108.3,109.7,0.462,51.6,50.4,16.3,12.4,29.4,27.1,28.8,28.3,49.2,49.8,36.8,34.3,39.9,31.7,64.9,-11.8
180,Brown,Ivy,31,13-18,104.1,105.5,0.4615,49.7,51.2,18.3,16.8,31.9,27.3,33.0,32.1,49.2,52.2,33.7,33.1,40.7,38.2,67.3,-12.0
181,"Longwood  16 seed, R64",BSth,35,21-14,104.1,105.6,0.4605,49.1,51.9,18.3,19.4,36.3,25.9,39.5,36.2,48.4,51.4,34.0,35.1,28.4,39.6,66.9,-8.8
182,East Tennessee St.,SC,35,19-16,102.2,103.8,0.4557,46.9,50.9,18.1,18.8,35.1,29.4,33.9,36.7,47.1,51.2,31.2,33.7,40.9,38.5,67.0,-9.8
183,Fordham,A10,33,13-20,100.6,102.3,0.4519,46.7,50.4,18.2,19.7,32.5,27.4,35.1,45.2,46.2,48.9,31.5,35.9,42.1,31.0,68.9,-12.6
184,Temple,Amer,36,16-20,102.4,104.2,0.4486,46.0,50.4,14.1,17.0,28.2,29.7,32.1,36.0,44.9,51.3,31.7,32.6,42.1,38.6,66.9,-11.8
185,Stephen F. Austin,WAC,33,18-15,100.3,102.2,0.4482,49.4,49.6,21.9,22.9,33.3,30.4,42.2,47.4,49.2,46.0,33.2,37.1,32.1,36.6,69.4,-9.4
186,Pepperdine,WCC,33,13-20,106.2,108.3,0.4447,50.8,54.7,16.4,16.9,28.5,25.9,32.6,33.9,49.5,53.4,35.6,38.4,32.4,31.6,67.6,-12.2
187,Texas A&M Corpus Chris,Slnd,33,21-12,99.8,101.8,0.444,46.3,48.0,17.6,19.8,33.9,25.1,36.3,47.3,47.3,48.8,29.4,31.0,29.7,36.4,68.8,-6.5
188,Vanderbilt,SEC,32,9-23,104.4,106.5,0.4436,45.4,53.0,15.3,15.9,28.2,29.3,35.2,29.5,47.4,51.0,28.3,37.4,39.3,39.6,65.8,-10.6
189,Rice,Amer,32,11-21,107.2,109.4,0.4428,50.5,52.6,17.3,14.8,28.5,29.5,29.9,27.4,50.9,50.0,33.2,37.9,39.4,38.3,65.9,-13.1
190,Louisville,ACC,32,8-24,104.8,107.0,0.4398,48.4,54.6,18.1,16.2,28.1,27.5,38.8,33.8,49.4,53.8,30.6,37.2,31.2,39.1,69.7,-12.3
191,"Long Beach St.  15 seed, R64",BW,36,21-15,105.1,107.7,0.4317,48.5,51.1,17.1,18.3,33.2,29.4,37.8,32.3,49.3,49.9,30.9,35.1,28.1,43.7,71.6,-8.3
192,Fairfield,MAAC,37,24-13,107.3,109.9,0.4314,52.0,52.5,15.5,20.2,27.9,30.6,28.4,25.8,50.4,53.3,36.2,34.1,42.0,36.8,68.4,-8.1
193,Illinois St.,MVC,32,15-17,102.4,104.9,0.4297,47.7,50.9,17.1,16.4,28.9,26.0,36.1,27.2,50.4,52.3,28.8,32.5,37.5,39.6,63.8,-10.1
194,UMKC,Sum,32,16-16,100.8,103.4,0.4255,49.4,51.1,17.9,17.3,31.3,25.3,29.3,45.1,48.9,52.7,33.4,32.4,43.4,37.5,66.6,-11.2
195,Northern Kentucky,Horz,33,18-15,102.1,104.9,0.4234,50.6,51.3,17.3,20.1,29.4,32.6,35.1,28.8,52.2,54.5,31.6,31.2,33.5,41.6,68.0,-9.5
196,Gardner Webb,BSth,33,17-16,102.2,105.0,0.4222,49.1,50.3,16.1,16.0,27.9,26.7,35.9,39.4,47.4,50.0,34.8,34.0,35.3,33.9,69.5,-10.3
197,Texas St.,SB,35,17-18,99.3,102.2,0.4185,47.1,49.7,19.9,18.6,31.2,29.4,37.8,38.3,47.1,50.6,31.4,32.1,24.3,35.4,66.4,-10.6
198,Monmouth,CAA,33,18-15,105.0,108.0,0.4182,49.4,50.0,15.3,17.8,30.5,32.2,29.2,33.3,47.8,49.3,34.8,34.0,36.3,43.2,67.8,-8.6
199,Penn,Ivy,29,11-18,108.8,112.0,0.4159,51.9,54.0,16.7,14.0,29.1,26.6,27.0,26.7,51.2,53.9,35.3,36.1,43.1,43.7,65.6,-11.4
200,Rhode Island,A10,32,12-20,106.1,109.4,0.414,51.5,52.6,18.5,13.1,29.1,28.2,39.4,30.0,51.1,52.0,34.9,35.7,33.4,39.5,68.7,-12.2
201,Tulsa,Amer,31,16-15,101.6,104.8,0.413,50.3,49.7,18.2,18.1,24.4,30.4,40.6,35.1,51.7,50.0,32.1,32.7,41.2,38.7,70.6,-9.4
202,George Washington,A10,32,15-17,106.4,109.8,0.4099,51.5,49.8,17.1,13.9,25.9,29.2,34.2,22.8,49.9,48.3,35.8,34.7,41.6,38.5,70.1,-10.2
203,Eastern Kentucky,ASun,31,17-14,106.8,110.3,0.4092,50.6,49.8,16.1,13.9,33.1,31.0,32.0,29.5,48.8,45.6,36.1,38.7,33.6,33.4,68.6,-9.5
204,Cleveland St.,Horz,36,21-15,105.1,108.5,0.4088,49.4,51.3,14.9,19.3,33.4,34.5,31.0,37.4,49.3,55.2,33.1,30.0,31.2,38.0,67.5,-8.7
205,Columbia,Ivy,27,13-14,106.6,110.1,0.4079,52.5,52.8,17.8,17.0,27.9,28.6,29.3,28.5,50.2,54.1,37.4,33.9,38.5,42.2,68.6,-10.0
206,"Montana St.  16 seed, R68",BSky,35,17-18,103.6,107.1,0.4051,54.2,52.3,16.7,18.5,20.5,28.9,30.6,36.9,53.6,54.0,36.7,32.7,41.7,34.7,68.6,-12.8
207,Radford,BSth,33,16-17,107.6,111.4,0.4016,50.8,50.9,16.2,15.8,30.7,34.0,28.0,31.7,49.4,52.4,35.7,32.4,34.2,39.7,63.7,-11.2
208,Abilene Christian,WAC,34,16-18,101.1,104.7,0.4002,47.1,51.6,17.7,20.2,25.9,30.4,37.9,39.9,45.7,53.0,34.1,32.5,26.4,31.6,68.6,-11.1
209,Mercer,SC,33,16-17,104.1,107.9,0.398,50.1,51.2,16.6,17.9,30.6,31.1,27.6,38.9,48.8,51.2,35.4,34.2,30.1,36.9,66.1,-11.6
210,Evansville,MVC,35,17-18,101.1,104.9,0.3977,50.1,52.4,16.6,17.2,21.4,26.1,28.3,28.3,49.9,51.7,33.6,35.5,34.9,43.0,68.6,-9.1
211,Jacksonville St.,CUSA,32,14-18,101.4,105.1,0.3975,48.2,50.5,20.3,18.2,33.8,25.3,37.2,34.9,48.3,49.4,32.2,34.9,28.3,36.2,64.7,-13.0
212,Northeastern,CAA,32,12-20,105.4,109.3,0.3963,51.2,53.8,18.9,17.0,31.8,27.7,29.8,28.3,53.3,52.3,31.8,37.5,36.1,38.8,65.8,-14.2
213,Northern Colorado,BSky,33,19-14,106.2,110.3,0.391,55.1,52.5,15.7,15.4,23.9,25.0,27.8,29.1,56.4,52.0,35.1,35.6,35.9,39.4,69.9,-9.1
214,Harvard,Ivy,27,14-13,101.2,105.2,0.3882,50.2,50.1,17.8,16.0,26.5,31.3,35.7,25.8,49.9,49.5,33.8,33.9,39.4,40.8,67.6,-7.7
215,Lipscomb,ASun,32,20-12,109.2,113.8,0.3853,56.2,53.5,14.2,16.1,23.2,29.3,27.5,22.8,55.7,52.8,38.1,36.5,39.8,36.6,69.3,-7.4
216,Marist,MAAC,31,18-13,96.5,100.6,0.3826,50.8,47.1,18.4,20.4,23.1,26.8,29.8,35.0,49.3,46.8,35.6,31.8,36.4,38.3,64.6,-10.1
217,South Alabama,SB,32,16-16,103.2,107.7,0.3813,50.9,50.7,16.3,16.7,22.8,31.8,31.6,33.9,50.0,52.3,35.1,31.9,36.1,36.1,68.1,-11.2
218,"Saint Peter's  15 seed, R64",MAAC,33,19-14,97.0,101.2,0.3803,44.6,47.1,19.2,20.4,34.5,29.9,38.0,42.5,42.3,46.6,33.2,32.1,31.5,34.9,64.1,-8.9
219,UC Riverside,BW,34,16-18,103.8,108.4,0.3799,46.3,52.3,14.3,15.8,29.8,25.3,28.6,34.8,44.6,52.0,32.3,35.3,42.2,33.3,67.0,-11.9
220,Merrimack,NEC,33,21-12,95.9,100.1,0.3794,49.8,46.2,19.0,23.2,22.3,34.6,34.3,32.5,52.2,46.1,31.1,30.9,43.1,31.2,67.3,-7.7
221,Wofford,SC,32,17-15,105.7,110.3,0.3789,53.3,51.5,16.9,14.1,29.4,26.2,27.7,34.6,53.4,50.0,35.5,35.7,45.3,42.8,65.6,-9.1
222,Cal Baptist,WAC,33,16-17,101.8,106.4,0.3757,47.0,49.2,17.6,15.3,32.7,24.9,36.8,30.3,45.7,48.4,32.9,34.3,36.0,26.8,63.6,-11.8
223,Rider,MAAC,32,15-17,102.3,106.9,0.3742,47.7,49.2,17.9,16.0,31.4,29.0,31.9,36.5,46.6,47.7,33.7,34.4,28.1,38.2,68.0,-11.2
224,San Jose St.,MWC,32,9-23,104.7,109.6,0.3726,51.4,54.4,15.6,15.9,22.4,30.2,22.4,35.9,51.5,52.3,34.2,38.9,42.0,35.1,65.8,-14.1
225,North Dakota,Sum,32,18-14,104.9,109.8,0.3719,50.2,52.4,15.0,15.3,30.7,26.1,32.2,29.6,51.5,52.2,32.3,35.2,41.8,33.9,66.8,-10.1
226,Mount St. Mary's,MAAC,32,13-19,102.2,107.3,0.3642,53.2,49.3,20.7,18.0,30.2,27.9,26.7,30.3,53.3,48.0,35.2,34.6,33.3,34.8,69.0,-15.0
227,Tennessee Martin,OVC,32,21-11,105.4,110.8,0.3589,50.5,49.3,15.0,13.2,27.0,26.3,32.8,24.6,48.2,49.4,36.2,32.8,38.1,41.0,72.9,-6.9
228,Cal St. Fullerton,BW,32,14-18,99.4,104.6,0.3557,48.0,49.9,18.1,17.9,24.3,29.6,38.6,35.6,47.7,51.3,32.2,31.8,36.2,38.6,66.4,-11.9
229,Air Force,MWC,31,9-22,106.4,112.2,0.3514,53.8,54.2,18.8,17.6,23.8,31.5,29.6,39.1,53.6,53.7,36.1,36.6,47.2,36.7,62.0,-13.8
230,Georgia St.,SB,31,14-17,104.2,109.9,0.3514,48.5,49.3,13.8,14.2,27.2,30.5,28.6,35.9,48.6,51.2,32.2,30.8,35.3,38.5,68.0,-11.8
231,Bowling Green,MAC,34,20-14,101.5,107.1,0.3499,48.1,51.2,16.3,16.1,30.5,25.5,35.1,27.1,50.3,49.1,29.3,36.7,34.8,34.5,67.7,-9.5
232,UTSA,Amer,32,11-21,106.4,112.5,0.3466,48.3,51.9,15.5,13.1,32.0,28.9,35.0,34.6,46.9,49.8,33.4,37.0,44.5,37.5,70.6,-14.8
233,Iona,MAAC,33,16-17,102.3,108.2,0.3448,50.0,52.8,14.9,22.2,28.3,30.8,28.5,37.5,48.2,54.1,35.3,34.0,38.7,40.0,67.0,-12.7
234,Fresno St.,MWC,33,12-21,102.3,108.3,0.3422,51.5,53.1,18.8,15.4,24.4,30.4,30.4,28.0,52.6,51.8,33.2,36.9,38.5,37.3,65.6,-11.6
235,"Stetson  16 seed, R64",ASun,35,22-13,107.9,114.3,0.3415,52.8,52.3,15.9,13.5,27.4,31.5,31.8,25.5,52.1,52.6,35.9,34.6,41.7,37.3,66.2,-7.0
236,Nicholls St.,Slnd,34,20-14,103.7,109.9,0.3392,51.5,49.8,19.0,16.4,27.6,32.2,37.6,39.4,48.9,50.7,36.8,32.1,40.3,36.3,66.3,-8.3
237,Milwaukee,Horz,35,20-15,106.3,112.7,0.339,51.0,50.6,17.9,15.5,36.0,32.6,34.0,32.8,52.7,50.2,32.2,34.2,38.8,38.4,70.0,-9.9
238,Cal St. Northridge,BW,34,19-15,98.9,104.9,0.3386,48.9,48.3,19.0,18.0,31.1,26.9,37.6,39.5,50.3,47.2,30.0,33.1,26.4,44.5,72.7,-10.6
239,North Florida,ASun,32,16-16,105.6,112.0,0.3365,53.6,52.6,16.3,14.4,23.5,29.9,28.3,33.7,53.3,52.3,35.9,35.5,54.7,29.9,67.2,-11.6
240,Florida Gulf Coast,ASun,32,14-18,102.1,108.3,0.336,52.1,52.8,17.6,15.8,29.6,28.3,27.2,29.3,50.8,52.0,36.2,35.9,37.3,42.8,64.0,-13.3
241,Marshall,SB,33,13-20,100.1,106.3,0.3339,46.8,51.4,16.5,16.2,29.8,27.9,28.8,29.9,47.1,49.8,31.0,36.2,41.3,35.3,70.6,-14.1
242,UC Santa Barbara,BW,31,16-15,104.2,110.8,0.3311,53.3,50.6,19.1,14.3,25.2,26.6,39.7,31.0,53.4,51.8,35.4,32.1,30.5,33.7,67.4,-10.7
243,San Diego,WCC,33,18-15,100.2,106.6,0.3293,49.0,52.5,18.3,18.1,27.1,31.8,32.0,38.6,47.4,53.7,34.8,33.9,34.1,39.8,71.2,-7.9
244,Lamar,Slnd,33,19-14,102.1,108.6,0.329,50.9,49.2,18.0,19.3,33.1,31.9,33.2,39.2,50.2,48.8,34.8,33.3,35.3,39.6,68.4,-10.0
245,Portland St.,BSky,32,17-15,98.7,105.1,0.329,46.8,52.0,16.4,18.6,29.8,28.3,34.3,34.7,45.6,51.1,32.4,35.6,37.6,38.2,69.4,-11.1
246,Southern,SWAC,32,18-14,97.0,103.2,0.3288,49.4,50.4,20.1,22.1,26.5,30.8,35.6,46.2,49.9,51.5,32.5,32.2,38.0,35.6,67.8,-8.2
247,Albany,AE,32,13-19,104.2,110.9,0.3284,50.4,51.4,17.7,17.0,30.6,29.4,29.2,38.9,51.0,54.6,32.9,29.3,36.9,29.6,73.1,-13.9
248,Norfolk St.,MEAC,35,24-11,102.3,108.9,0.3264,49.6,49.5,18.4,22.0,31.3,31.4,41.8,43.2,49.6,47.7,33.2,34.5,32.5,45.3,66.3,-7.0
249,Miami OH,MAC,32,15-17,99.0,105.5,0.3262,51.0,49.3,17.2,18.0,22.0,30.7,30.4,31.9,48.7,50.5,36.2,31.5,40.3,36.8,67.4,-12.5
250,Cal St. Bakersfield,BW,32,13-19,100.1,106.7,0.3261,47.0,50.0,18.3,18.6,32.9,31.2,32.0,46.7,46.6,49.1,32.1,34.3,25.7,36.7,64.8,-13.8
251,Maine,AE,32,15-17,95.8,102.1,0.3249,47.8,49.9,16.7,19.2,23.0,27.8,30.0,32.1,49.3,50.6,29.7,32.3,32.2,33.2,65.6,-12.2
252,Southern Utah,WAC,31,10-21,104.4,111.3,0.324,48.4,52.6,16.9,17.0,27.9,33.0,36.2,32.2,50.8,53.0,29.4,34.3,35.0,27.2,69.6,-15.1
253,Idaho St.,BSky,34,14-20,102.7,109.7,0.3194,51.1,54.5,16.7,18.2,30.3,26.8,33.5,32.6,52.6,54.7,32.2,36.0,35.0,30.0,63.9,-15.6
254,Canisius,MAAC,32,14-18,100.2,107.1,0.317,49.6,51.2,19.1,16.3,32.8,28.1,27.5,28.0,49.7,51.0,32.9,34.4,36.1,31.8,67.1,-13.3
255,UMBC,AE,32,11-21,104.5,111.8,0.3151,52.7,50.3,17.5,14.9,25.5,31.0,24.1,28.3,52.6,52.2,35.3,31.3,35.1,36.4,73.3,-16.9
256,Green Bay,Horz,32,18-14,102.0,109.3,0.3102,52.4,49.4,18.6,14.0,27.3,28.4,29.4,34.2,53.7,51.6,34.0,30.2,48.2,35.3,63.7,-9.2
257,Queens,ASun,33,14-19,103.8,111.3,0.3101,49.9,54.1,15.7,15.4,27.6,29.5,33.7,29.4,50.1,55.8,33.0,34.2,40.8,36.7,72.9,-13.5
258,Austin Peay,ASun,35,19-16,107.2,115.0,0.3087,50.4,53.1,13.3,16.6,29.9,31.6,31.9,37.9,48.8,54.4,35.5,34.0,35.1,35.7,64.6,-10.5
259,Ball St.,MAC,31,15-16,102.3,109.8,0.3069,50.8,51.3,18.2,16.2,27.3,27.9,38.2,27.6,48.7,50.6,36.1,35.1,37.9,35.2,66.7,-12.5
260,Southern Miss,SB,32,16-16,99.7,107.1,0.3049,48.4,50.5,18.5,17.2,28.9,30.5,37.9,33.0,47.2,48.9,33.8,35.7,33.6,34.5,67.9,-11.1
261,Middle Tennessee,CUSA,33,14-19,98.4,105.8,0.3028,46.0,49.5,20.6,15.8,28.2,30.4,34.9,29.6,45.6,49.0,31.1,33.8,42.1,29.7,65.4,-13.2
262,"Grambling St.  16 seed, R64",SWAC,36,21-15,98.9,106.4,0.302,48.1,49.7,20.0,18.8,27.9,32.8,38.8,33.8,46.9,48.8,34.0,34.3,29.0,34.2,64.8,-8.1
263,Western Illinois,OVC,33,21-12,97.3,104.8,0.299,46.5,46.5,20.1,14.2,37.2,28.9,35.6,25.1,46.0,46.8,31.7,30.4,31.0,30.7,64.7,-8.0
264,North Dakota St.,Sum,32,15-17,103.3,111.2,0.2984,53.3,53.7,16.8,13.2,24.3,24.7,30.3,28.5,51.4,52.8,37.7,36.8,35.9,34.7,65.8,-12.0
265,North Carolina Central,MEAC,31,18-13,104.6,112.8,0.2953,49.8,49.0,17.8,18.1,31.3,33.7,40.4,37.1,49.8,51.5,33.2,29.7,37.9,36.7,66.5,-9.7
266,North Alabama,ASun,32,15-17,104.3,112.5,0.2944,49.8,51.5,14.6,14.2,27.0,27.8,32.9,40.9,47.9,50.6,35.6,35.4,34.6,34.8,67.8,-12.2
267,Lehigh,Pat,32,14-18,99.0,106.8,0.2938,49.5,51.7,16.9,17.9,22.0,23.5,33.0,29.6,50.2,50.7,32.2,35.6,37.6,37.2,70.1,-13.5
268,Georgia Southern,SB,33,9-24,104.6,113.0,0.2915,50.8,52.0,18.8,17.3,28.8,33.9,28.9,43.1,49.3,51.4,35.2,35.5,44.6,36.4,69.0,-17.9
269,Central Michigan,MAC,32,18-14,95.9,103.6,0.2902,46.8,47.3,17.5,16.2,28.6,30.7,27.4,30.6,47.7,47.7,30.1,31.2,35.2,40.8,65.4,-8.3
270,Utah Tech,WAC,31,11-20,99.8,107.9,0.288,50.4,50.4,21.8,18.3,28.2,31.6,40.3,43.2,50.2,50.1,33.7,33.9,34.7,36.7,70.3,-13.9
271,Bucknell,Pat,33,14-19,98.7,106.9,0.2869,50.4,49.5,18.9,16.4,25.9,28.6,29.0,31.5,50.2,50.1,33.8,32.4,44.9,42.2,64.9,-14.6
272,Portland,WCC,33,12-21,103.9,112.5,0.2856,50.5,55.3,17.1,13.2,23.6,28.8,31.7,22.6,49.9,53.9,34.1,38.0,44.5,45.1,67.8,-13.3
273,Binghamton,AE,30,15-15,101.8,110.3,0.2843,49.4,50.0,18.0,13.3,29.1,25.0,34.3,34.8,51.4,48.4,29.9,35.0,30.7,38.0,66.6,-10.7
274,Texas Southern,SWAC,33,16-17,98.6,106.9,0.2828,46.9,48.3,18.1,17.8,30.0,30.9,31.1,40.1,47.1,48.2,31.1,32.4,38.8,36.0,67.8,-10.7
275,Nebraska Omaha,Sum,33,15-18,102.3,111.0,0.2811,49.5,53.4,14.5,15.9,24.7,26.4,39.7,32.2,50.5,53.3,31.6,35.7,33.0,42.5,67.4,-13.5
276,"Howard  16 seed, R68",MEAC,35,18-17,104.7,113.6,0.28,51.7,51.1,21.2,16.6,33.3,30.3,42.1,38.4,49.1,50.9,37.2,34.4,39.0,33.2,67.9,-12.2
277,Central Connecticut,NEC,31,20-11,100.0,108.7,0.2763,50.2,49.6,16.7,17.5,27.6,26.8,33.0,26.7,50.8,48.2,32.8,34.8,35.4,35.2,66.8,-8.1
278,The Citadel,SC,32,11-21,101.2,110.1,0.2757,50.6,53.5,18.0,16.1,27.3,26.8,33.7,22.5,51.3,54.1,32.8,35.2,33.3,39.9,65.4,-15.7
279,New Mexico St.,CUSA,32,13-19,99.6,108.3,0.275,46.9,50.9,17.7,15.8,25.4,29.6,32.7,44.8,47.0,50.0,31.2,34.7,34.6,42.4,66.3,-12.6
280,New Hampshire,AE,31,16-15,98.0,106.8,0.2713,47.9,50.5,16.6,16.4,23.5,25.5,29.8,27.5,48.1,53.5,31.8,30.5,43.7,38.4,71.4,-9.4
281,Presbyterian,BSth,33,14-19,101.6,110.7,0.2713,51.2,52.8,16.9,17.7,26.3,27.8,36.8,42.0,52.2,52.8,32.8,35.2,33.0,35.6,67.6,-14.1
282,Kennesaw St.,ASun,31,15-16,103.7,113.1,0.2708,51.5,53.1,16.0,17.6,30.0,30.5,35.4,43.2,53.0,51.3,32.9,37.2,42.5,39.5,74.1,-12.6
283,Oral Roberts,Sum,31,12-19,102.1,111.5,0.266,51.1,51.4,14.2,14.5,20.9,30.6,26.0,32.3,49.1,50.0,36.0,35.8,42.1,38.5,67.7,-13.6
284,USC Upstate,BSth,30,10-20,99.3,108.5,0.2654,49.6,52.0,16.4,18.6,23.9,34.3,29.5,45.0,50.2,53.0,32.5,33.5,39.9,35.7,67.2,-15.3
285,Denver,Sum,34,17-17,105.9,115.9,0.263,51.8,54.7,14.0,14.2,27.3,27.6,35.0,32.0,51.2,54.4,35.1,36.8,41.0,35.5,70.6,-12.4
286,"Wagner  16 seed, R64",NEC,33,17-16,96.2,105.3,0.2625,45.1,48.8,15.7,16.8,28.8,27.7,26.4,30.2,43.1,51.0,32.2,30.4,37.7,40.8,61.5,-11.6
287,DePaul,BE,32,3-29,101.3,111.0,0.2583,48.1,56.5,19.9,14.5,22.0,32.3,33.5,28.4,47.0,56.1,33.5,38.1,34.8,41.1,67.8,-14.8
288,Niagara,MAAC,32,16-16,101.5,111.3,0.2577,52.0,52.2,17.4,16.5,23.4,26.8,36.0,30.7,51.2,52.1,35.9,35.0,31.8,27.6,67.4,-12.5
289,Sacred Heart,NEC,32,16-16,101.4,111.4,0.2516,51.5,51.6,17.1,20.1,25.9,32.6,31.7,31.9,50.2,50.6,35.9,35.3,34.1,41.6,69.3,-12.7
290,SIU Edwardsville,OVC,33,17-16,100.2,110.3,0.2494,47.2,51.1,15.6,17.4,30.1,28.2,31.9,37.2,46.2,49.2,32.5,36.2,36.8,37.5,67.0,-12.0
291,FIU,CUSA,33,11-22,100.2,110.3,0.2493,49.7,55.6,18.9,24.1,27.0,37.3,28.4,35.9,49.9,52.9,32.9,40.3,41.7,36.0,70.4,-16.4
292,Alcorn St.,SWAC,32,14-18,105.7,116.5,0.2462,48.9,55.0,17.0,17.2,33.4,30.6,37.4,36.6,48.0,54.0,34.2,37.5,26.6,45.8,66.7,-11.4
293,Boston University,Pat,33,16-17,98.2,108.2,0.246,47.8,50.0,17.7,16.9,26.6,23.0,30.2,36.2,46.8,48.7,32.8,34.6,40.8,41.0,65.9,-14.2
294,Valparaiso,MVC,32,7-25,99.6,109.9,0.2437,46.2,54.5,15.9,17.3,25.7,30.3,23.3,30.7,45.0,55.0,32.1,35.8,36.3,35.2,68.0,-17.4
295,Tennessee St.,OVC,33,18-15,98.0,108.2,0.2427,48.8,48.8,19.7,18.6,28.4,32.0,38.1,44.3,49.8,48.6,31.3,32.7,35.9,34.3,68.4,-11.4
296,Louisiana Monroe,SB,30,11-19,100.0,110.5,0.2414,44.8,52.6,18.2,17.2,34.1,29.0,38.4,37.6,45.6,51.7,28.5,35.8,28.7,44.9,67.1,-13.5
297,Chicago St.,ind,32,13-19,98.6,108.9,0.2407,46.1,53.6,20.0,21.1,32.4,35.3,38.2,36.0,46.9,55.6,29.7,33.3,34.5,35.5,65.2,-12.6
298,Old Dominion,SB,32,7-25,98.1,108.4,0.2397,47.6,51.3,15.0,18.0,25.2,31.2,27.1,39.7,47.5,50.0,31.8,35.5,35.1,42.0,69.9,-19.5
299,South Carolina St.,MEAC,32,14-18,98.0,108.5,0.2374,45.7,52.2,21.3,21.8,37.7,31.0,36.5,49.2,44.5,53.3,32.3,33.6,31.9,38.3,68.9,-13.0
300,Delaware St.,MEAC,34,15-19,95.1,105.3,0.236,46.1,50.9,21.1,21.7,33.1,31.5,39.5,36.2,46.0,48.9,31.0,35.9,25.1,39.8,69.0,-14.1
301,American,Pat,32,16-16,102.4,113.5,0.235,52.5,53.4,17.3,17.0,27.9,25.6,28.4,29.8,52.8,51.9,34.7,36.9,44.9,42.3,63.0,-12.5
302,Jacksonville,ASun,33,16-17,98.9,109.8,0.2314,48.7,52.3,19.2,17.4,34.6,30.7,36.3,40.4,47.7,51.5,33.8,35.7,33.1,40.9,65.9,-12.1
303,Northern Illinois,MAC,31,11-20,101.5,112.8,0.2286,49.8,52.9,18.1,14.3,28.0,31.2,36.2,34.7,50.2,51.8,32.7,36.7,39.1,35.8,68.3,-14.3
304,Bellarmine,ASun,31,8-23,100.1,111.4,0.2269,49.0,53.9,14.5,14.6,21.8,29.4,21.4,31.9,48.3,55.1,33.6,35.0,37.3,44.4,65.1,-17.6
305,Campbell,CAA,32,14-18,100.6,112.2,0.2224,52.0,52.2,18.1,16.4,23.8,31.2,33.7,23.6,52.0,52.9,34.6,34.1,38.6,43.3,66.4,-13.8
306,Jackson St.,SWAC,32,15-17,100.2,111.7,0.2221,47.0,52.6,19.0,19.0,34.9,32.0,34.7,34.5,46.2,52.4,32.5,35.2,33.8,39.6,68.8,-11.6
307,Le Moyne,NEC,32,15-17,98.8,110.3,0.2189,50.1,50.6,16.6,17.8,23.1,29.9,25.3,27.8,49.2,51.0,34.1,33.4,47.5,43.0,67.5,-13.8
308,Bethune Cookman,SWAC,34,17-17,97.2,108.7,0.217,47.3,50.1,19.5,21.9,29.2,33.2,38.2,49.2,47.0,49.5,32.0,34.1,29.7,35.2,69.7,-12.4
309,Elon,CAA,32,13-19,101.4,113.7,0.2121,50.6,53.2,17.8,15.7,28.7,32.8,32.8,29.1,48.8,54.5,35.2,34.2,43.7,40.0,67.7,-14.1
310,Southeastern Louisiana,Slnd,32,15-17,97.8,109.9,0.2084,48.4,51.3,20.9,17.3,30.7,30.3,35.0,30.2,46.6,52.2,34.1,33.4,38.6,44.8,64.8,-11.9
311,Sacramento St.,BSky,34,10-24,97.9,110.0,0.2072,48.7,54.1,22.8,15.6,34.1,25.8,32.9,32.7,48.7,55.1,32.4,35.0,41.2,38.6,64.1,-19.2
312,William & Mary,CAA,33,10-23,100.0,112.6,0.2037,48.3,52.2,16.3,14.4,27.4,29.1,31.9,34.9,48.6,52.5,32.1,34.5,47.7,36.5,66.0,-18.7
313,Idaho,BSky,32,11-21,98.5,111.1,0.1998,50.2,53.5,17.5,16.6,22.7,28.6,26.7,37.2,50.2,53.4,33.5,35.8,41.0,38.5,65.0,-16.8
314,Coastal Carolina,SB,31,9-22,98.7,111.3,0.1992,49.4,50.1,19.1,12.7,29.3,30.5,32.5,29.5,50.0,50.6,32.1,33.0,32.9,46.6,69.4,-17.8
315,South Dakota,Sum,32,12-20,103.5,116.9,0.1978,51.9,53.1,18.3,11.7,27.5,28.6,30.5,27.3,49.6,52.3,37.6,36.2,34.5,38.3,68.9,-16.5
316,Robert Morris,Horz,32,10-22,100.0,113.1,0.1959,50.3,53.3,20.0,15.8,33.2,29.5,28.0,36.8,50.0,54.3,33.8,34.3,42.6,34.8,67.2,-17.2
317,Western Michigan,MAC,32,12-20,98.3,111.4,0.1916,48.7,50.9,19.7,15.5,33.7,29.6,31.5,31.5,48.4,50.8,32.8,34.1,38.9,38.5,68.5,-15.2
318,Northern Arizona,BSky,33,14-19,98.2,111.4,0.1904,49.3,52.9,18.1,16.7,24.1,31.1,31.1,37.4,50.7,55.4,31.2,32.0,35.2,34.0,68.4,-13.5
319,Alabama St.,SWAC,32,13-19,92.4,105.0,0.1876,41.0,49.1,16.3,20.0,31.7,29.1,28.5,43.4,40.4,47.6,28.0,34.1,38.4,41.0,67.2,-13.8
320,Eastern Illinois,OVC,32,14-18,95.5,108.8,0.1836,44.8,52.0,15.7,19.7,27.5,28.0,27.2,37.5,43.6,51.1,31.8,35.8,29.6,37.1,66.6,-13.2
321,Charleston Southern,BSth,30,10-20,93.7,107.1,0.1778,45.2,50.9,18.1,13.4,27.0,29.0,31.2,33.5,44.1,52.3,31.4,31.9,35.9,31.5,66.9,-14.2
322,Northwestern St.,Slnd,32,9-23,97.2,111.3,0.1741,47.7,51.9,19.3,18.5,29.8,34.1,36.7,41.4,48.0,53.8,31.3,32.6,34.4,37.2,67.6,-18.5
323,Eastern Michigan,MAC,31,13-18,96.5,110.5,0.1738,47.9,52.0,17.0,15.7,27.6,31.2,25.0,31.5,48.7,54.7,30.8,31.9,32.3,39.5,65.4,-14.1
324,Lafayette,Pat,32,11-21,93.1,106.9,0.1706,46.9,48.5,17.5,17.4,24.2,29.1,23.9,31.5,47.0,46.6,31.2,34.3,40.0,38.5,65.4,-17.0
325,Alabama A&M,SWAC,35,12-23,93.4,107.9,0.1598,45.9,49.1,22.4,19.4,31.8,32.7,47.2,45.2,46.9,46.9,28.7,35.2,26.9,36.8,70.5,-17.5
326,Southern Indiana,OVC,32,8-24,96.7,111.7,0.1589,45.6,49.5,19.4,16.6,27.0,28.5,37.6,48.6,44.5,49.3,31.6,33.3,36.3,37.5,69.2,-19.2
327,Navy,Pat,31,13-18,95.9,111.1,0.1556,44.0,50.3,15.6,20.5,31.8,30.8,34.8,35.7,43.8,50.9,29.6,32.9,33.1,40.7,65.5,-15.4
328,NJIT,AE,28,7-21,97.8,113.7,0.1507,44.6,52.4,16.4,16.6,28.3,32.9,31.2,39.7,44.7,52.3,29.6,35.0,39.2,35.8,66.5,-16.8
329,Arkansas Pine Bluff,SWAC,31,13-18,101.6,118.3,0.1471,51.5,52.6,18.0,15.4,22.9,34.0,40.2,32.5,48.4,56.0,36.5,31.4,49.4,38.3,72.0,-13.2
330,Hampton,CAA,33,9-24,95.5,111.3,0.1465,46.7,51.6,17.9,15.0,27.9,31.9,29.4,29.9,46.9,52.1,30.9,33.9,38.6,39.0,69.8,-20.1
331,Dartmouth,Ivy,27,6-21,93.7,109.6,0.1406,47.6,54.2,19.4,13.4,20.7,24.5,27.8,24.4,48.2,53.2,31.2,37.0,42.7,42.4,65.1,-16.0
332,UT Rio Grande Valley,WAC,31,6-25,94.8,111.0,0.1403,45.1,53.1,19.0,18.9,24.3,33.4,41.2,34.4,45.8,54.2,29.0,33.9,29.2,33.4,71.3,-19.2
333,New Orleans,Slnd,33,10-23,97.9,114.7,0.1403,45.5,54.4,17.3,19.1,28.4,34.9,39.2,38.7,45.5,54.9,30.2,35.5,29.3,31.7,71.3,-18.2
334,Fairleigh Dickinson,NEC,32,15-17,96.0,112.9,0.1332,47.1,52.9,17.2,19.0,27.8,31.2,34.9,32.0,46.7,52.4,31.8,35.7,39.3,40.5,72.3,-13.8
335,Morgan St.,MEAC,31,11-20,96.6,113.8,0.1319,47.4,52.0,20.2,18.2,29.5,37.2,31.3,41.4,49.3,51.6,28.2,35.3,26.9,32.4,70.7,-15.6
336,Manhattan,MAAC,30,7-23,95.1,112.3,0.1295,47.2,53.1,19.2,16.9,24.8,30.1,22.1,27.3,47.4,52.2,31.3,36.7,38.7,33.8,68.4,-18.4
337,Central Arkansas,ASun,32,9-23,96.7,114.2,0.1289,47.5,54.0,18.1,15.4,28.3,31.4,29.3,33.7,45.2,51.9,34.2,37.9,37.8,42.1,69.2,-19.0
338,Texas A&M Commerce,Slnd,33,13-20,94.4,112.1,0.1228,46.0,52.4,16.7,18.3,24.3,33.1,30.8,39.2,47.6,52.4,29.4,35.0,46.0,30.4,66.3,-14.2
339,Florida A&M,SWAC,29,6-23,92.1,109.9,0.1165,47.5,51.8,21.4,16.3,26.3,31.7,28.0,39.2,46.0,51.1,34.1,35.3,29.9,36.6,68.2,-16.9
340,LIU,NEC,29,7-22,93.2,111.2,0.116,46.4,50.8,20.1,15.8,25.5,28.5,31.5,41.1,46.3,53.0,31.0,31.1,29.9,34.3,70.4,-18.3
341,Cal Poly,BW,32,4-28,93.9,112.2,0.1148,46.0,51.5,18.6,17.3,24.3,33.6,31.3,41.9,44.1,50.8,33.0,35.6,34.0,30.3,65.8,-23.4
342,Prairie View A&M,SWAC,31,10-21,93.6,112.1,0.1112,45.6,53.7,17.7,22.6,26.5,35.2,36.9,46.6,45.6,54.1,30.4,35.2,26.4,32.9,71.0,-16.0
343,North Carolina A&T,CAA,32,7-25,95.2,114.1,0.1111,43.9,54.5,13.8,15.9,24.3,34.0,34.0,29.5,44.4,55.5,28.7,35.2,35.7,37.2,68.0,-19.1
344,Loyola MD,Pat,32,7-25,93.8,112.4,0.1108,47.2,53.3,20.4,15.6,29.2,26.4,30.0,32.6,46.1,53.3,32.7,35.6,38.7,36.6,65.8,-20.9
345,Tennessee Tech,OVC,31,10-21,94.5,113.4,0.1095,49.0,52.5,17.8,15.4,18.9,28.1,31.0,24.6,49.2,52.7,32.3,34.8,34.1,37.7,65.8,-17.3
346,Buffalo,MAC,31,4-27,95.2,114.2,0.1094,47.3,53.9,20.0,15.1,28.3,30.6,26.0,28.7,51.6,53.5,27.5,36.5,41.4,35.1,69.1,-22.2
347,Detroit Mercy,Horz,32,1-31,96.8,116.2,0.1093,47.3,55.9,19.4,17.3,25.9,35.2,30.3,31.9,50.4,56.1,28.1,37.1,36.9,37.2,67.2,-24.8
348,Incarnate Word,Slnd,31,8-23,95.4,114.9,0.1056,48.2,51.8,21.7,15.1,30.0,30.0,37.1,40.7,48.3,50.2,32.0,36.7,39.7,34.4,70.0,-19.5
349,Army,Pat,32,10-22,90.7,109.3,0.1053,47.1,50.3,18.9,16.6,27.0,25.5,25.4,31.6,46.5,50.6,31.8,33.2,45.1,39.5,63.1,-19.5
350,Holy Cross,Pat,33,10-23,99.5,121.1,0.0949,50.1,53.6,16.5,12.8,23.2,28.1,25.9,30.6,48.7,50.7,35.0,38.7,37.7,39.7,65.8,-19.3
351,Maryland Eastern Shore,MEAC,29,9-20,89.3,109.5,0.0879,43.0,50.9,20.0,18.9,28.8,33.7,32.7,37.8,43.3,51.7,28.3,33.0,34.8,36.2,67.3,-16.4
352,Pacific,WCC,32,6-26,94.8,116.9,0.0827,46.5,56.3,16.9,16.1,18.8,33.2,37.1,36.4,46.0,58.2,31.5,35.7,36.3,39.7,68.4,-19.2
353,Southeast Missouri St.,OVC,31,9-22,90.6,112.0,0.0806,45.1,52.0,17.3,17.2,24.0,29.5,27.0,44.2,45.1,54.0,30.0,31.5,33.5,30.5,69.3,-18.3
354,Lindenwood,OVC,31,9-22,91.6,113.6,0.0779,43.3,53.9,17.9,17.7,23.6,28.7,38.3,40.2,43.2,52.5,29.0,37.6,30.7,37.4,67.5,-18.2
355,Houston Christian,Slnd,29,6-23,96.8,120.1,0.0771,46.9,54.0,21.0,13.6,29.7,33.7,36.8,28.6,47.9,55.5,29.5,34.0,28.0,34.1,71.6,-17.3
356,Siena,MAAC,32,4-28,90.4,112.8,0.0727,44.7,51.8,23.4,14.8,33.2,31.2,30.8,28.0,46.1,51.3,28.0,35.2,34.3,34.1,66.1,-23.8
357,Stonehill,NEC,31,4-27,90.9,114.5,0.0656,46.7,52.7,19.5,16.6,22.5,31.0,22.6,29.4,47.9,51.7,30.1,35.9,47.0,46.2,68.2,-22.0
358,VMI,SC,32,4-28,87.9,110.8,0.0654,46.0,54.4,21.2,15.1,23.8,30.6,27.6,30.9,46.7,54.5,29.7,36.2,33.3,38.4,74.8,-22.8
359,IU Indy,Horz,32,6-26,92.7,117.2,0.0635,46.5,58.2,21.3,18.5,30.0,35.5,33.2,33.4,49.5,59.0,24.7,38.0,24.3,37.5,67.4,-21.6
360,Saint Francis,NEC,30,8-22,93.5,118.1,0.0634,47.2,53.0,21.2,17.1,32.9,31.3,32.6,35.4,45.7,52.9,33.2,35.4,35.1,37.1,65.6,-18.6
361,Coppin St.,MEAC,29,2-27,85.3,111.3,0.045,42.1,51.3,22.9,21.8,27.0,38.6,31.1,38.3,41.9,51.0,28.3,34.5,34.4,37.6,66.4,-23.0
362,Mississippi Valley St.,SWAC,31,1-30,85.9,115.9,0.0311,42.5,55.6,24.0,17.2,27.9,35.7,33.0,41.6,41.9,55.6,29.2,37.0,30.4,36.5,64.6,-22.7